,count,mean,std,min,25%,50%,75%,max
year,1401.0,2018.3411848679514,3.0555469037145264,2013.0,2016.0,2018.0,2021.0,2023.0
